﻿<?xml version="1.0" encoding="utf-8"?>
<Package xmlns="http://schemas.microsoft.com/appx/manifest/foundation/windows10" xmlns:uap="http://schemas.microsoft.com/appx/manifest/uap/windows10" xmlns:mp="http://schemas.microsoft.com/appx/2014/phone/manifest" xmlns:rescap="http://schemas.microsoft.com/appx/manifest/foundation/windows10/restrictedcapabilities" IgnorableNamespaces="uap rescap build" xmlns:build="http://schemas.microsoft.com/developer/appx/2015/build">
  <!--
    THIS PACKAGE MANIFEST FILE IS GENERATED BY THE BUILD PROCESS.

    Changes to this file will be lost when it is regenerated. To correct errors in this file, edit the source .appxmanifest file.

    For more information on package manifest files, see http://go.microsoft.com/fwlink/?LinkID=241727
  -->
  <Identity Name="Ti3b3.Coinsortingandstoragesystem" Publisher="CN=1CD24A27-5E87-4B91-B821-DAB24CC90A60" Version="1.1.2.0" ProcessorArchitecture="x86" />
  <mp:PhoneIdentity PhoneProductId="149ebf76-6c44-44df-bace-0bf692acca34" PhonePublisherId="00000000-0000-0000-0000-000000000000" />
  <Properties>
    <DisplayName>Coinsorting and storage system</DisplayName>
    <PublisherDisplayName>Ti3b3</PublisherDisplayName>
    <Logo>appiconStoreLogo.png</Logo>
  </Properties>
  <Dependencies>
    <TargetDeviceFamily Name="Windows.Universal" MinVersion="10.0.17763.0" MaxVersionTested="10.0.19041.0" />
    <TargetDeviceFamily Name="Windows.Desktop" MinVersion="10.0.17763.0" MaxVersionTested="10.0.19041.0" />
    <PackageDependency Name="Microsoft.WindowsAppRuntime.1.2" MinVersion="2000.707.2303.0" Publisher="CN=Microsoft Corporation, O=Microsoft Corporation, L=Redmond, S=Washington, C=US" />
  </Dependencies>
  <Resources>
    <Resource Language="NL-BE" />
  </Resources>
  <Applications>
    <Application Id="App" Executable="BLgip.exe" EntryPoint="Windows.FullTrustApplication">
      <uap:VisualElements DisplayName="Coinsorting and storage system" Description="Coinsorting and storage system" Square150x150Logo="appiconMediumTile.png" Square44x44Logo="appiconLogo.png" BackgroundColor="transparent">
        <uap:DefaultTile Square71x71Logo="appiconSmallTile.png" Wide310x150Logo="appiconWideTile.png" Square310x310Logo="appiconLargeTile.png" ShortName="Coinsorting and storage system">
          <uap:ShowNameOnTiles>
            <uap:ShowOn Tile="square150x150Logo" />
            <uap:ShowOn Tile="wide310x150Logo" />
          </uap:ShowNameOnTiles>
        </uap:DefaultTile>
        <uap:SplashScreen Image="splashscreenSplashScreen.png" />
      </uap:VisualElements>
    </Application>
  </Applications>
  <Capabilities>
    <rescap:Capability Name="runFullTrust" />
  </Capabilities>
  <build:Metadata>
    <build:Item Name="Microsoft.UI.Xaml.Markup.Compiler.dll" Version="1.0.0.0" />
    <build:Item Name="makepri.exe" Version="10.0.22621.755 (WinBuild.160101.0800)" />
  </build:Metadata>
</Package>